local_time,action,sim,real_start,real_goal,real_route,sim_route,conflict_count,first_conflict,horizon_s,hold_s
2026-05-19 16:37:56,sim_hold,SIM1,20,4,20->22->19->17->18->4,4->18->19->22->20->23->24->30->32->35->33->6,1,"{""type"": ""edge_time_overlap"", ""agv_a"": ""REAL"", ""agv_b"": ""SIM1"", ""edge_a"": ""22->19"", ""edge_b"": ""19->22"", ""u"": 22, ""v"": 19, ""physical_edge"": ""19-22"", ""direction"": ""opposite"", ""a_enter_s"": 9.05349063873291, ""a_exit_s"": 26.510497093200684, ""b_enter_s"": 13.591607093811035, ""b_exit_s"": 27.73046588897705, ""priority_a"": 1, ""priority_b"": 3, ""severity"": 1.0}",10.0,0.35
2026-05-19 16:38:00,sim_hold,SIM1,20,4,20->22->19->17->18->4,4->18->19->22->20->23->24->30->32->35->33->6,1,"{""type"": ""edge_time_overlap"", ""agv_a"": ""REAL"", ""agv_b"": ""SIM1"", ""edge_a"": ""22->19"", ""edge_b"": ""19->22"", ""u"": 22, ""v"": 19, ""physical_edge"": ""19-22"", ""direction"": ""opposite"", ""a_enter_s"": 9.05349063873291, ""a_exit_s"": 26.510497093200684, ""b_enter_s"": 13.591607093811035, ""b_exit_s"": 27.73046588897705, ""priority_a"": 1, ""priority_b"": 3, ""severity"": 1.0}",10.0,0.35
2026-05-19 16:38:14,sim_hold,SIM1,20,4,20->22->19->17->18->4,4->18->19->22->20->23->24->30->32->35->33->6,1,"{""type"": ""edge_time_overlap"", ""agv_a"": ""REAL"", ""agv_b"": ""SIM1"", ""edge_a"": ""22->19"", ""edge_b"": ""19->22"", ""u"": 22, ""v"": 19, ""physical_edge"": ""19-22"", ""direction"": ""opposite"", ""a_enter_s"": 9.05349063873291, ""a_exit_s"": 26.510497093200684, ""b_enter_s"": 13.591607093811035, ""b_exit_s"": 27.73046588897705, ""priority_a"": 1, ""priority_b"": 3, ""severity"": 1.0}",10.0,0.35
2026-05-19 16:38:15,sim_hold,SIM1,20,4,20->22->19->17->18->4,4->18->19->22->20->23->24->30->32->35->33->6,1,"{""type"": ""edge_time_overlap"", ""agv_a"": ""REAL"", ""agv_b"": ""SIM1"", ""edge_a"": ""22->19"", ""edge_b"": ""19->22"", ""u"": 22, ""v"": 19, ""physical_edge"": ""19-22"", ""direction"": ""opposite"", ""a_enter_s"": 9.05349063873291, ""a_exit_s"": 26.510497093200684, ""b_enter_s"": 13.591607093811035, ""b_exit_s"": 27.73046588897705, ""priority_a"": 1, ""priority_b"": 3, ""severity"": 1.0}",10.0,0.35
2026-05-19 16:38:17,sim_hold,SIM1,20,4,20->22->19->17->18->4,4->18->19->22->20->23->24->30->32->35->33->6,1,"{""type"": ""edge_time_overlap"", ""agv_a"": ""REAL"", ""agv_b"": ""SIM1"", ""edge_a"": ""22->19"", ""edge_b"": ""19->22"", ""u"": 22, ""v"": 19, ""physical_edge"": ""19-22"", ""direction"": ""opposite"", ""a_enter_s"": 9.05349063873291, ""a_exit_s"": 26.510497093200684, ""b_enter_s"": 13.591607093811035, ""b_exit_s"": 27.73046588897705, ""priority_a"": 1, ""priority_b"": 3, ""severity"": 1.0}",10.0,0.35
2026-05-19 16:38:19,sim_hold,SIM1,22,4,22->19->17->18->4,4->18->19->22->20->23->24->30->32->35->33->6,1,"{""type"": ""edge_time_overlap"", ""agv_a"": ""REAL"", ""agv_b"": ""SIM1"", ""edge_a"": ""22->19"", ""edge_b"": ""19->22"", ""u"": 22, ""v"": 19, ""physical_edge"": ""19-22"", ""direction"": ""opposite"", ""a_enter_s"": 0.0, ""a_exit_s"": 17.457006454467773, ""b_enter_s"": 13.591607093811035, ""b_exit_s"": 27.73046588897705, ""priority_a"": 1, ""priority_b"": 3, ""severity"": 1.0}",10.0,0.35
2026-05-19 16:38:21,sim_hold,SIM1,22,4,22->19->17->18->4,4->18->19->22->20->23->24->30->32->35->33->6,1,"{""type"": ""edge_time_overlap"", ""agv_a"": ""REAL"", ""agv_b"": ""SIM1"", ""edge_a"": ""22->19"", ""edge_b"": ""19->22"", ""u"": 22, ""v"": 19, ""physical_edge"": ""19-22"", ""direction"": ""opposite"", ""a_enter_s"": 0.0, ""a_exit_s"": 17.457006454467773, ""b_enter_s"": 13.591607093811035, ""b_exit_s"": 27.73046588897705, ""priority_a"": 1, ""priority_b"": 3, ""severity"": 1.0}",10.0,0.35
2026-05-19 16:38:22,sim_hold,SIM1,22,4,22->19->17->18->4,4->18->19->22->20->23->24->30->32->35->33->6,1,"{""type"": ""edge_time_overlap"", ""agv_a"": ""REAL"", ""agv_b"": ""SIM1"", ""edge_a"": ""22->19"", ""edge_b"": ""19->22"", ""u"": 22, ""v"": 19, ""physical_edge"": ""19-22"", ""direction"": ""opposite"", ""a_enter_s"": 0.0, ""a_exit_s"": 17.457006454467773, ""b_enter_s"": 13.591607093811035, ""b_exit_s"": 27.73046588897705, ""priority_a"": 1, ""priority_b"": 3, ""severity"": 1.0}",10.0,0.35
2026-05-19 16:38:24,sim_hold,SIM1,22,4,22->19->17->18->4,4->18->19->22->20->23->24->30->32->35->33->6,1,"{""type"": ""edge_time_overlap"", ""agv_a"": ""REAL"", ""agv_b"": ""SIM1"", ""edge_a"": ""22->19"", ""edge_b"": ""19->22"", ""u"": 22, ""v"": 19, ""physical_edge"": ""19-22"", ""direction"": ""opposite"", ""a_enter_s"": 0.0, ""a_exit_s"": 17.457006454467773, ""b_enter_s"": 13.591607093811035, ""b_exit_s"": 27.73046588897705, ""priority_a"": 1, ""priority_b"": 3, ""severity"": 1.0}",10.0,0.35
2026-05-19 16:38:26,sim_hold,SIM1,22,4,22->19->17->18->4,4->18->19->22->20->23->24->30->32->35->33->6,1,"{""type"": ""edge_time_overlap"", ""agv_a"": ""REAL"", ""agv_b"": ""SIM1"", ""edge_a"": ""22->19"", ""edge_b"": ""19->22"", ""u"": 22, ""v"": 19, ""physical_edge"": ""19-22"", ""direction"": ""opposite"", ""a_enter_s"": 0.0, ""a_exit_s"": 17.457006454467773, ""b_enter_s"": 13.591607093811035, ""b_exit_s"": 27.73046588897705, ""priority_a"": 1, ""priority_b"": 3, ""severity"": 1.0}",10.0,0.35
2026-05-19 16:38:28,sim_hold,SIM1,22,4,22->19->17->18->4,4->18->19->22->20->23->24->30->32->35->33->6,1,"{""type"": ""edge_time_overlap"", ""agv_a"": ""REAL"", ""agv_b"": ""SIM1"", ""edge_a"": ""22->19"", ""edge_b"": ""19->22"", ""u"": 22, ""v"": 19, ""physical_edge"": ""19-22"", ""direction"": ""opposite"", ""a_enter_s"": 0.0, ""a_exit_s"": 17.457006454467773, ""b_enter_s"": 13.591607093811035, ""b_exit_s"": 27.73046588897705, ""priority_a"": 1, ""priority_b"": 3, ""severity"": 1.0}",10.0,0.35
2026-05-19 16:38:29,sim_hold,SIM1,22,4,22->19->17->18->4,4->18->19->22->20->23->24->30->32->35->33->6,1,"{""type"": ""edge_time_overlap"", ""agv_a"": ""REAL"", ""agv_b"": ""SIM1"", ""edge_a"": ""22->19"", ""edge_b"": ""19->22"", ""u"": 22, ""v"": 19, ""physical_edge"": ""19-22"", ""direction"": ""opposite"", ""a_enter_s"": 0.0, ""a_exit_s"": 17.457006454467773, ""b_enter_s"": 13.591607093811035, ""b_exit_s"": 27.73046588897705, ""priority_a"": 1, ""priority_b"": 3, ""severity"": 1.0}",10.0,0.35
2026-05-19 16:38:31,sim_hold,SIM1,19,4,19->17->18->4,4->18->19->22->20->23->24->30->32->35->33->6,2,"{""type"": ""future_coordinate_distance"", ""agv_a"": ""REAL"", ""agv_b"": ""SIM1"", ""t_s"": 1.0, ""distance_m"": 0.8795589953075695, ""edge_a"": ""19->17"", ""edge_b"": ""4->18"", ""severity"": 0.8}",10.0,0.35
2026-05-19 16:38:33,sim_hold,SIM1,19,4,19->17->18->4,4->18->19->22->20->23->24->30->32->35->33->6,2,"{""type"": ""future_coordinate_distance"", ""agv_a"": ""REAL"", ""agv_b"": ""SIM1"", ""t_s"": 1.0, ""distance_m"": 0.8795589953075695, ""edge_a"": ""19->17"", ""edge_b"": ""4->18"", ""severity"": 0.8}",10.0,0.35
2026-05-19 16:38:34,sim_hold,SIM1,19,4,19->17->18->4,4->18->19->22->20->23->24->30->32->35->33->6,2,"{""type"": ""future_coordinate_distance"", ""agv_a"": ""REAL"", ""agv_b"": ""SIM1"", ""t_s"": 1.0, ""distance_m"": 0.8795589953075695, ""edge_a"": ""19->17"", ""edge_b"": ""4->18"", ""severity"": 0.8}",10.0,0.35
2026-05-19 16:38:36,sim_hold,SIM1,19,4,19->17->18->4,4->18->19->22->20->23->24->30->32->35->33->6,2,"{""type"": ""future_coordinate_distance"", ""agv_a"": ""REAL"", ""agv_b"": ""SIM1"", ""t_s"": 1.0, ""distance_m"": 0.8795589953075695, ""edge_a"": ""19->17"", ""edge_b"": ""4->18"", ""severity"": 0.8}",10.0,0.35
2026-05-19 16:38:38,sim_hold,SIM1,19,4,19->17->18->4,4->18->19->22->20->23->24->30->32->35->33->6,2,"{""type"": ""future_coordinate_distance"", ""agv_a"": ""REAL"", ""agv_b"": ""SIM1"", ""t_s"": 1.0, ""distance_m"": 0.8795589953075695, ""edge_a"": ""19->17"", ""edge_b"": ""4->18"", ""severity"": 0.8}",10.0,0.35
2026-05-19 16:38:39,sim_hold,SIM1,18,4,18->4,4->18->19->22->20->23->24->30->32->35->33->6,4,"{""type"": ""edge_time_overlap"", ""agv_a"": ""REAL"", ""agv_b"": ""SIM1"", ""edge_a"": ""18->4"", ""edge_b"": ""4->18"", ""u"": 18, ""v"": 4, ""physical_edge"": ""4-18"", ""direction"": ""opposite"", ""a_enter_s"": 0.0, ""a_exit_s"": 7.151072025299072, ""b_enter_s"": 0.0, ""b_exit_s"": 9.370450019836426, ""priority_a"": 1, ""priority_b"": 3, ""severity"": 1.0}",10.0,0.35
2026-05-19 16:38:41,sim_hold,SIM1,18,4,18->4,4->18->19->22->20->23->24->30->32->35->33->6,4,"{""type"": ""edge_time_overlap"", ""agv_a"": ""REAL"", ""agv_b"": ""SIM1"", ""edge_a"": ""18->4"", ""edge_b"": ""4->18"", ""u"": 18, ""v"": 4, ""physical_edge"": ""4-18"", ""direction"": ""opposite"", ""a_enter_s"": 0.0, ""a_exit_s"": 7.151072025299072, ""b_enter_s"": 0.0, ""b_exit_s"": 9.370450019836426, ""priority_a"": 1, ""priority_b"": 3, ""severity"": 1.0}",10.0,0.35
2026-05-19 16:38:43,sim_hold,SIM1,18,4,18->4,4->18->19->22->20->23->24->30->32->35->33->6,4,"{""type"": ""edge_time_overlap"", ""agv_a"": ""REAL"", ""agv_b"": ""SIM1"", ""edge_a"": ""18->4"", ""edge_b"": ""4->18"", ""u"": 18, ""v"": 4, ""physical_edge"": ""4-18"", ""direction"": ""opposite"", ""a_enter_s"": 0.0, ""a_exit_s"": 7.151072025299072, ""b_enter_s"": 0.0, ""b_exit_s"": 9.370450019836426, ""priority_a"": 1, ""priority_b"": 3, ""severity"": 1.0}",10.0,0.35
2026-05-19 16:38:46,sim_hold,SIM1,4,3,4->18->17->10->8->3,4->18->19->22->20->23->24->30->32->35->33->6,7,"{""type"": ""future_coordinate_distance"", ""agv_a"": ""REAL"", ""agv_b"": ""SIM1"", ""t_s"": 0.0, ""distance_m"": 0.0, ""edge_a"": ""4->18"", ""edge_b"": ""4->18"", ""severity"": 0.8}",10.0,0.35
2026-05-19 16:38:46,sim_hold_live_close,SIM1,0.15067614035438925,0.4,SIM close to REAL; REAL keeps priority
2026-05-19 16:38:48,sim_hold,SIM1,4,3,4->18->17->10->8->3,4->18->19->22->20->23->24->30->32->35->33->6,7,"{""type"": ""future_coordinate_distance"", ""agv_a"": ""REAL"", ""agv_b"": ""SIM1"", ""t_s"": 0.0, ""distance_m"": 0.0, ""edge_a"": ""4->18"", ""edge_b"": ""4->18"", ""severity"": 0.8}",10.0,0.35
2026-05-19 16:38:48,sim_hold_live_close,SIM1,0.014421195278148644,0.4,SIM close to REAL; REAL keeps priority
2026-05-19 16:38:50,sim_hold,SIM1,4,3,4->18->17->10->8->3,4->18->19->22->20->23->24->30->32->35->33->6,7,"{""type"": ""future_coordinate_distance"", ""agv_a"": ""REAL"", ""agv_b"": ""SIM1"", ""t_s"": 0.0, ""distance_m"": 0.0, ""edge_a"": ""4->18"", ""edge_b"": ""4->18"", ""severity"": 0.8}",10.0,0.35
2026-05-19 16:38:50,sim_hold_live_close,SIM1,0.014421195278148644,0.4,SIM close to REAL; REAL keeps priority
2026-05-19 16:38:52,sim_hold,SIM1,4,3,4->18->17->10->8->3,4->18->19->22->20->23->24->30->32->35->33->6,7,"{""type"": ""future_coordinate_distance"", ""agv_a"": ""REAL"", ""agv_b"": ""SIM1"", ""t_s"": 0.0, ""distance_m"": 0.0, ""edge_a"": ""4->18"", ""edge_b"": ""4->18"", ""severity"": 0.8}",10.0,0.35
2026-05-19 16:38:52,sim_hold_live_close,SIM1,0.28986276216957024,0.4,SIM close to REAL; REAL keeps priority
2026-05-19 16:38:53,safe_node_tms,SIM1,18,3,18->17->10->8->3,4->18->19->22->20->23->24->30->32->35->33->6,3,"{""type"": ""future_coordinate_distance"", ""agv_a"": ""REAL"", ""agv_b"": ""SIM1"", ""t_s"": 0.0, ""distance_m"": 0.6733040707903096, ""edge_a"": ""18->17"", ""edge_b"": ""4->18"", ""severity"": 0.8}",hold_SIM1_at_safe_node_4,10.0
2026-05-19 16:38:53,sim_hold_live_close,SIM1,0.39750855345904673,0.4,SIM close to REAL; REAL keeps priority
2026-05-19 16:38:55,safe_node_tms,SIM1,18,3,18->17->10->8->3,4->18->19->22->20->23->24->30->32->35->33->6,3,"{""type"": ""future_coordinate_distance"", ""agv_a"": ""REAL"", ""agv_b"": ""SIM1"", ""t_s"": 0.0, ""distance_m"": 0.6733040707903096, ""edge_a"": ""18->17"", ""edge_b"": ""4->18"", ""severity"": 0.8}",hold_SIM1_at_safe_node_4,10.0
2026-05-19 16:38:55,sim_hold_live_close,SIM1,0.3172831215690207,0.4,SIM close to REAL; REAL keeps priority
2026-05-19 16:38:57,sim_hold,SIM1,18,3,18->17->10->8->3,4->18->19->22->20->23->24->30->32->35->33->6,3,"{""type"": ""future_coordinate_distance"", ""agv_a"": ""REAL"", ""agv_b"": ""SIM1"", ""t_s"": 0.0, ""distance_m"": 0.6733040707903096, ""edge_a"": ""18->17"", ""edge_b"": ""4->18"", ""severity"": 0.8}",10.0,0.35
2026-05-19 16:38:57,sim_hold_live_close,SIM1,0.14941776815712363,0.4,SIM close to REAL; REAL keeps priority
2026-05-19 16:38:58,safe_node_tms,SIM1,17,3,17->10->8->3,18->19->22->20->23->24->30->32->35->33->6,3,"{""type"": ""future_coordinate_distance"", ""agv_a"": ""REAL"", ""agv_b"": ""SIM1"", ""t_s"": 0.0, ""distance_m"": 0.696250975689112, ""edge_a"": ""17->10"", ""edge_b"": ""18->19"", ""severity"": 0.8}",hold_SIM1_at_safe_node_18,10.0
2026-05-19 16:38:58,sim_hold_live_close,SIM1,0.3109763762090213,0.4,SIM close to REAL; REAL keeps priority
2026-05-19 16:39:00,safe_node_tms,SIM1,10,3,10->8->3,18->19->22->20->23->24->30->32->35->33->6,2,"{""type"": ""future_coordinate_distance"", ""agv_a"": ""REAL"", ""agv_b"": ""SIM1"", ""t_s"": 0.0, ""distance_m"": 0.8923925485955922, ""edge_a"": ""10->8"", ""edge_b"": ""18->19"", ""severity"": 0.8}",hold_SIM1_at_safe_node_18,10.0
2026-05-19 16:39:02,safe_node_tms,SIM1,8,3,8->3,19->22->20->23->24->30->32->35->33->6,1,"{""type"": ""future_coordinate_distance"", ""agv_a"": ""REAL"", ""agv_b"": ""SIM1"", ""t_s"": 0.0, ""distance_m"": 1.0034289217257615, ""edge_a"": ""8->3"", ""edge_b"": ""19->22"", ""severity"": 0.8}",hold_SIM1_at_safe_node_19,10.0
2026-05-19 16:39:04,safe_node_tms,SIM1,8,3,8->3,19->22->20->23->24->30->32->35->33->6,1,"{""type"": ""future_coordinate_distance"", ""agv_a"": ""REAL"", ""agv_b"": ""SIM1"", ""t_s"": 0.0, ""distance_m"": 1.0034289217257615, ""edge_a"": ""8->3"", ""edge_b"": ""19->22"", ""severity"": 0.8}",hold_SIM1_at_safe_node_19,10.0
2026-05-19 16:39:05,safe_node_tms,SIM1,8,3,8->3,19->22->20->23->24->30->32->35->33->6,1,"{""type"": ""future_coordinate_distance"", ""agv_a"": ""REAL"", ""agv_b"": ""SIM1"", ""t_s"": 0.0, ""distance_m"": 1.0034289217257615, ""edge_a"": ""8->3"", ""edge_b"": ""19->22"", ""severity"": 0.8}",hold_SIM1_at_safe_node_19,10.0
2026-05-19 16:39:20,safe_node_tms,SIM1,9,2,9->13->11->2,19->22->20->23->24->30->32->35->33->6,1,"{""type"": ""future_coordinate_distance"", ""agv_a"": ""REAL"", ""agv_b"": ""SIM1"", ""t_s"": 0.0, ""distance_m"": 1.0183479180944295, ""edge_a"": ""9->13"", ""edge_b"": ""19->22"", ""severity"": 0.8}",hold_SIM1_at_safe_node_22,10.0
2026-05-19 16:41:39,sim_hold,SIM1,25,6,25->26->28->34->33->6,26->25->23->20->22->19->17->10->7->1,2,"{""type"": ""edge_time_overlap"", ""agv_a"": ""REAL"", ""agv_b"": ""SIM1"", ""edge_a"": ""25->26"", ""edge_b"": ""26->25"", ""u"": 25, ""v"": 26, ""physical_edge"": ""25-26"", ""direction"": ""opposite"", ""a_enter_s"": 0.0, ""a_exit_s"": 15.7904634475708, ""b_enter_s"": 0.0, ""b_exit_s"": 13.86406135559082, ""priority_a"": 1, ""priority_b"": 3, ""severity"": 1.0}",10.0,0.35
2026-05-19 16:41:40,sim_hold,SIM1,25,6,25->26->28->34->33->6,26->25->23->20->22->19->17->10->7->1,2,"{""type"": ""edge_time_overlap"", ""agv_a"": ""REAL"", ""agv_b"": ""SIM1"", ""edge_a"": ""25->26"", ""edge_b"": ""26->25"", ""u"": 25, ""v"": 26, ""physical_edge"": ""25-26"", ""direction"": ""opposite"", ""a_enter_s"": 0.0, ""a_exit_s"": 15.7904634475708, ""b_enter_s"": 0.0, ""b_exit_s"": 13.86406135559082, ""priority_a"": 1, ""priority_b"": 3, ""severity"": 1.0}",10.0,0.35
2026-05-19 16:41:42,sim_hold,SIM1,25,6,25->26->28->34->33->6,26->25->23->20->22->19->17->10->7->1,2,"{""type"": ""edge_time_overlap"", ""agv_a"": ""REAL"", ""agv_b"": ""SIM1"", ""edge_a"": ""25->26"", ""edge_b"": ""26->25"", ""u"": 25, ""v"": 26, ""physical_edge"": ""25-26"", ""direction"": ""opposite"", ""a_enter_s"": 0.0, ""a_exit_s"": 15.7904634475708, ""b_enter_s"": 0.0, ""b_exit_s"": 13.86406135559082, ""priority_a"": 1, ""priority_b"": 3, ""severity"": 1.0}",10.0,0.35
2026-05-19 16:41:44,sim_hold,SIM1,25,6,25->26->28->34->33->6,26->25->23->20->22->19->17->10->7->1,2,"{""type"": ""edge_time_overlap"", ""agv_a"": ""REAL"", ""agv_b"": ""SIM1"", ""edge_a"": ""25->26"", ""edge_b"": ""26->25"", ""u"": 25, ""v"": 26, ""physical_edge"": ""25-26"", ""direction"": ""opposite"", ""a_enter_s"": 0.0, ""a_exit_s"": 15.7904634475708, ""b_enter_s"": 0.0, ""b_exit_s"": 13.86406135559082, ""priority_a"": 1, ""priority_b"": 3, ""severity"": 1.0}",10.0,0.35
2026-05-19 16:41:46,sim_hold,SIM1,25,6,25->26->28->34->33->6,26->25->23->20->22->19->17->10->7->1,2,"{""type"": ""edge_time_overlap"", ""agv_a"": ""REAL"", ""agv_b"": ""SIM1"", ""edge_a"": ""25->26"", ""edge_b"": ""26->25"", ""u"": 25, ""v"": 26, ""physical_edge"": ""25-26"", ""direction"": ""opposite"", ""a_enter_s"": 0.0, ""a_exit_s"": 15.7904634475708, ""b_enter_s"": 0.0, ""b_exit_s"": 13.86406135559082, ""priority_a"": 1, ""priority_b"": 3, ""severity"": 1.0}",10.0,0.35
2026-05-19 16:41:46,sim_hold_live_close,SIM1,0.05263327662364112,0.4,SIM close to REAL; REAL keeps priority
2026-05-19 16:41:48,sim_hold,SIM1,25,6,25->26->28->34->33->6,26->25->23->20->22->19->17->10->7->1,2,"{""type"": ""edge_time_overlap"", ""agv_a"": ""REAL"", ""agv_b"": ""SIM1"", ""edge_a"": ""25->26"", ""edge_b"": ""26->25"", ""u"": 25, ""v"": 26, ""physical_edge"": ""25-26"", ""direction"": ""opposite"", ""a_enter_s"": 0.0, ""a_exit_s"": 15.7904634475708, ""b_enter_s"": 0.0, ""b_exit_s"": 13.86406135559082, ""priority_a"": 1, ""priority_b"": 3, ""severity"": 1.0}",10.0,0.35
2026-05-19 16:41:49,sim_hold,SIM1,25,6,25->26->28->34->33->6,26->25->23->20->22->19->17->10->7->1,2,"{""type"": ""edge_time_overlap"", ""agv_a"": ""REAL"", ""agv_b"": ""SIM1"", ""edge_a"": ""25->26"", ""edge_b"": ""26->25"", ""u"": 25, ""v"": 26, ""physical_edge"": ""25-26"", ""direction"": ""opposite"", ""a_enter_s"": 0.0, ""a_exit_s"": 15.7904634475708, ""b_enter_s"": 0.0, ""b_exit_s"": 13.86406135559082, ""priority_a"": 1, ""priority_b"": 3, ""severity"": 1.0}",10.0,0.35
2026-05-19 16:41:51,sim_hold,SIM1,25,6,25->26->28->34->33->6,26->25->23->20->22->19->17->10->7->1,2,"{""type"": ""edge_time_overlap"", ""agv_a"": ""REAL"", ""agv_b"": ""SIM1"", ""edge_a"": ""25->26"", ""edge_b"": ""26->25"", ""u"": 25, ""v"": 26, ""physical_edge"": ""25-26"", ""direction"": ""opposite"", ""a_enter_s"": 0.0, ""a_exit_s"": 15.7904634475708, ""b_enter_s"": 0.0, ""b_exit_s"": 13.86406135559082, ""priority_a"": 1, ""priority_b"": 3, ""severity"": 1.0}",10.0,0.35
2026-05-19 16:41:52,sim_hold,SIM1,25,6,25->26->28->34->33->6,26->25->23->20->22->19->17->10->7->1,2,"{""type"": ""edge_time_overlap"", ""agv_a"": ""REAL"", ""agv_b"": ""SIM1"", ""edge_a"": ""25->26"", ""edge_b"": ""26->25"", ""u"": 25, ""v"": 26, ""physical_edge"": ""25-26"", ""direction"": ""opposite"", ""a_enter_s"": 0.0, ""a_exit_s"": 15.7904634475708, ""b_enter_s"": 0.0, ""b_exit_s"": 13.86406135559082, ""priority_a"": 1, ""priority_b"": 3, ""severity"": 1.0}",10.0,0.35
2026-05-19 16:41:54,safe_node_tms,SIM1,26,6,26->28->34->33->6,26->25->23->20->22->19->17->10->7->1,1,"{""type"": ""future_coordinate_distance"", ""agv_a"": ""REAL"", ""agv_b"": ""SIM1"", ""t_s"": 0.0, ""distance_m"": 0.0, ""edge_a"": ""26->28"", ""edge_b"": ""26->25"", ""severity"": 0.8}",hold_SIM1_at_safe_node_25,10.0
2026-05-19 16:43:45,safe_node_tms,SIM1,20,4,20->22->19->17->18->4,10->17->19->22->20->23->25->26->29->5,1,"{""type"": ""edge_time_overlap"", ""agv_a"": ""REAL"", ""agv_b"": ""SIM1"", ""edge_a"": ""22->19"", ""edge_b"": ""19->22"", ""u"": 22, ""v"": 19, ""physical_edge"": ""19-22"", ""direction"": ""opposite"", ""a_enter_s"": 9.05349063873291, ""a_exit_s"": 26.510497093200684, ""b_enter_s"": 6.587188720703125, ""b_exit_s"": 20.72604751586914, ""priority_a"": 1, ""priority_b"": 3, ""severity"": 1.0}",hold_SIM1_at_safe_node_10,10.0
2026-05-19 16:43:47,safe_node_tms,SIM1,20,4,20->22->19->17->18->4,10->17->19->22->20->23->25->26->29->5,1,"{""type"": ""edge_time_overlap"", ""agv_a"": ""REAL"", ""agv_b"": ""SIM1"", ""edge_a"": ""22->19"", ""edge_b"": ""19->22"", ""u"": 22, ""v"": 19, ""physical_edge"": ""19-22"", ""direction"": ""opposite"", ""a_enter_s"": 9.05349063873291, ""a_exit_s"": 26.510497093200684, ""b_enter_s"": 6.587188720703125, ""b_exit_s"": 20.72604751586914, ""priority_a"": 1, ""priority_b"": 3, ""severity"": 1.0}",hold_SIM1_at_safe_node_10,10.0
2026-05-19 16:43:49,safe_node_tms,SIM1,20,4,20->22->19->17->18->4,10->17->19->22->20->23->25->26->29->5,1,"{""type"": ""edge_time_overlap"", ""agv_a"": ""REAL"", ""agv_b"": ""SIM1"", ""edge_a"": ""22->19"", ""edge_b"": ""19->22"", ""u"": 22, ""v"": 19, ""physical_edge"": ""19-22"", ""direction"": ""opposite"", ""a_enter_s"": 9.05349063873291, ""a_exit_s"": 26.510497093200684, ""b_enter_s"": 6.587188720703125, ""b_exit_s"": 20.72604751586914, ""priority_a"": 1, ""priority_b"": 3, ""severity"": 1.0}",hold_SIM1_at_safe_node_10,10.0
2026-05-19 16:43:50,safe_node_tms,SIM1,22,4,22->19->17->18->4,10->17->19->22->20->23->25->26->29->5,1,"{""type"": ""edge_time_overlap"", ""agv_a"": ""REAL"", ""agv_b"": ""SIM1"", ""edge_a"": ""22->19"", ""edge_b"": ""19->22"", ""u"": 22, ""v"": 19, ""physical_edge"": ""19-22"", ""direction"": ""opposite"", ""a_enter_s"": 0.0, ""a_exit_s"": 17.457006454467773, ""b_enter_s"": 6.587188720703125, ""b_exit_s"": 20.72604751586914, ""priority_a"": 1, ""priority_b"": 3, ""severity"": 1.0}",hold_SIM1_at_safe_node_10,10.0
2026-05-19 16:43:52,safe_node_tms,SIM1,22,4,22->19->17->18->4,10->17->19->22->20->23->25->26->29->5,1,"{""type"": ""edge_time_overlap"", ""agv_a"": ""REAL"", ""agv_b"": ""SIM1"", ""edge_a"": ""22->19"", ""edge_b"": ""19->22"", ""u"": 22, ""v"": 19, ""physical_edge"": ""19-22"", ""direction"": ""opposite"", ""a_enter_s"": 0.0, ""a_exit_s"": 17.457006454467773, ""b_enter_s"": 6.587188720703125, ""b_exit_s"": 20.72604751586914, ""priority_a"": 1, ""priority_b"": 3, ""severity"": 1.0}",hold_SIM1_at_safe_node_10,10.0
2026-05-19 16:43:54,safe_node_tms,SIM1,22,4,22->19->17->18->4,10->17->19->22->20->23->25->26->29->5,1,"{""type"": ""edge_time_overlap"", ""agv_a"": ""REAL"", ""agv_b"": ""SIM1"", ""edge_a"": ""22->19"", ""edge_b"": ""19->22"", ""u"": 22, ""v"": 19, ""physical_edge"": ""19-22"", ""direction"": ""opposite"", ""a_enter_s"": 0.0, ""a_exit_s"": 17.457006454467773, ""b_enter_s"": 6.587188720703125, ""b_exit_s"": 20.72604751586914, ""priority_a"": 1, ""priority_b"": 3, ""severity"": 1.0}",hold_SIM1_at_safe_node_10,10.0
2026-05-19 16:43:56,safe_node_tms,SIM1,22,4,22->19->17->18->4,10->17->19->22->20->23->25->26->29->5,1,"{""type"": ""edge_time_overlap"", ""agv_a"": ""REAL"", ""agv_b"": ""SIM1"", ""edge_a"": ""22->19"", ""edge_b"": ""19->22"", ""u"": 22, ""v"": 19, ""physical_edge"": ""19-22"", ""direction"": ""opposite"", ""a_enter_s"": 0.0, ""a_exit_s"": 17.457006454467773, ""b_enter_s"": 6.587188720703125, ""b_exit_s"": 20.72604751586914, ""priority_a"": 1, ""priority_b"": 3, ""severity"": 1.0}",hold_SIM1_at_safe_node_10,10.0
2026-05-19 16:43:58,safe_node_tms,SIM1,22,4,22->19->17->18->4,10->17->19->22->20->23->25->26->29->5,1,"{""type"": ""edge_time_overlap"", ""agv_a"": ""REAL"", ""agv_b"": ""SIM1"", ""edge_a"": ""22->19"", ""edge_b"": ""19->22"", ""u"": 22, ""v"": 19, ""physical_edge"": ""19-22"", ""direction"": ""opposite"", ""a_enter_s"": 0.0, ""a_exit_s"": 17.457006454467773, ""b_enter_s"": 6.587188720703125, ""b_exit_s"": 20.72604751586914, ""priority_a"": 1, ""priority_b"": 3, ""severity"": 1.0}",hold_SIM1_at_safe_node_10,10.0
2026-05-19 16:44:00,safe_node_tms,SIM1,22,4,22->19->17->18->4,10->17->19->22->20->23->25->26->29->5,1,"{""type"": ""edge_time_overlap"", ""agv_a"": ""REAL"", ""agv_b"": ""SIM1"", ""edge_a"": ""22->19"", ""edge_b"": ""19->22"", ""u"": 22, ""v"": 19, ""physical_edge"": ""19-22"", ""direction"": ""opposite"", ""a_enter_s"": 0.0, ""a_exit_s"": 17.457006454467773, ""b_enter_s"": 6.587188720703125, ""b_exit_s"": 20.72604751586914, ""priority_a"": 1, ""priority_b"": 3, ""severity"": 1.0}",hold_SIM1_at_safe_node_10,10.0
2026-05-19 16:44:01,safe_node_tms,SIM1,19,4,19->17->18->4,10->17->19->22->20->23->25->26->29->5,3,"{""type"": ""edge_time_overlap"", ""agv_a"": ""REAL"", ""agv_b"": ""SIM1"", ""edge_a"": ""19->17"", ""edge_b"": ""17->19"", ""u"": 19, ""v"": 17, ""physical_edge"": ""17-19"", ""direction"": ""opposite"", ""a_enter_s"": 0.0, ""a_exit_s"": 6.699151515960693, ""b_enter_s"": 3.3734138011932373, ""b_exit_s"": 6.587188720703125, ""priority_a"": 1, ""priority_b"": 3, ""severity"": 1.0}",hold_SIM1_at_safe_node_10,10.0
2026-05-19 16:44:05,safe_node_tms,SIM1,19,4,19->17->18->4,10->17->19->22->20->23->25->26->29->5,3,"{""type"": ""edge_time_overlap"", ""agv_a"": ""REAL"", ""agv_b"": ""SIM1"", ""edge_a"": ""19->17"", ""edge_b"": ""17->19"", ""u"": 19, ""v"": 17, ""physical_edge"": ""17-19"", ""direction"": ""opposite"", ""a_enter_s"": 0.0, ""a_exit_s"": 6.699151515960693, ""b_enter_s"": 3.3734138011932373, ""b_exit_s"": 6.587188720703125, ""priority_a"": 1, ""priority_b"": 3, ""severity"": 1.0}",hold_SIM1_at_safe_node_10,10.0
2026-05-19 16:44:15,safe_node_tms,SIM1,19,4,19->17->18->4,10->17->19->22->20->23->25->26->29->5,3,"{""type"": ""edge_time_overlap"", ""agv_a"": ""REAL"", ""agv_b"": ""SIM1"", ""edge_a"": ""19->17"", ""edge_b"": ""17->19"", ""u"": 19, ""v"": 17, ""physical_edge"": ""17-19"", ""direction"": ""opposite"", ""a_enter_s"": 0.0, ""a_exit_s"": 6.699151515960693, ""b_enter_s"": 3.3734138011932373, ""b_exit_s"": 6.587188720703125, ""priority_a"": 1, ""priority_b"": 3, ""severity"": 1.0}",hold_SIM1_at_safe_node_10,10.0
2026-05-19 16:44:17,safe_node_tms,SIM1,19,4,19->17->18->4,10->17->19->22->20->23->25->26->29->5,3,"{""type"": ""edge_time_overlap"", ""agv_a"": ""REAL"", ""agv_b"": ""SIM1"", ""edge_a"": ""19->17"", ""edge_b"": ""17->19"", ""u"": 19, ""v"": 17, ""physical_edge"": ""17-19"", ""direction"": ""opposite"", ""a_enter_s"": 0.0, ""a_exit_s"": 6.699151515960693, ""b_enter_s"": 3.3734138011932373, ""b_exit_s"": 6.587188720703125, ""priority_a"": 1, ""priority_b"": 3, ""severity"": 1.0}",hold_SIM1_at_safe_node_10,10.0
2026-05-19 16:44:19,safe_node_tms,SIM1,19,4,19->17->18->4,10->17->19->22->20->23->25->26->29->5,3,"{""type"": ""edge_time_overlap"", ""agv_a"": ""REAL"", ""agv_b"": ""SIM1"", ""edge_a"": ""19->17"", ""edge_b"": ""17->19"", ""u"": 19, ""v"": 17, ""physical_edge"": ""17-19"", ""direction"": ""opposite"", ""a_enter_s"": 0.0, ""a_exit_s"": 6.699151515960693, ""b_enter_s"": 3.3734138011932373, ""b_exit_s"": 6.587188720703125, ""priority_a"": 1, ""priority_b"": 3, ""severity"": 1.0}",hold_SIM1_at_safe_node_10,10.0
2026-05-19 16:44:20,safe_node_tms,SIM1,18,4,18->4,17->19->22->20->23->25->26->29->5,2,"{""type"": ""future_coordinate_distance"", ""agv_a"": ""REAL"", ""agv_b"": ""SIM1"", ""t_s"": 0.0, ""distance_m"": 0.3548807046004493, ""edge_a"": ""18->4"", ""edge_b"": ""17->19"", ""severity"": 0.8}",hold_SIM1_at_safe_node_17,10.0
2026-05-19 16:44:20,sim_hold_live_close,SIM1,0.2675302806292979,0.4,SIM close to REAL; REAL keeps priority
2026-05-19 16:44:22,safe_node_tms,SIM1,18,4,18->4,17->19->22->20->23->25->26->29->5,2,"{""type"": ""future_coordinate_distance"", ""agv_a"": ""REAL"", ""agv_b"": ""SIM1"", ""t_s"": 0.0, ""distance_m"": 0.3548807046004493, ""edge_a"": ""18->4"", ""edge_b"": ""17->19"", ""severity"": 0.8}",hold_SIM1_at_safe_node_17,10.0
2026-05-19 16:44:22,sim_hold_live_close,SIM1,0.38050215622904493,0.4,SIM close to REAL; REAL keeps priority
2026-05-19 16:44:24,safe_node_tms,SIM1,18,4,18->4,17->19->22->20->23->25->26->29->5,2,"{""type"": ""future_coordinate_distance"", ""agv_a"": ""REAL"", ""agv_b"": ""SIM1"", ""t_s"": 0.0, ""distance_m"": 0.3548807046004493, ""edge_a"": ""18->4"", ""edge_b"": ""17->19"", ""severity"": 0.8}",hold_SIM1_at_safe_node_17,10.0
2026-05-19 16:44:24,sim_hold_live_close,SIM1,0.3849550736621627,0.4,SIM close to REAL; REAL keeps priority
2026-05-19 16:44:26,safe_node_tms,SIM1,18,4,18->4,17->19->22->20->23->25->26->29->5,2,"{""type"": ""future_coordinate_distance"", ""agv_a"": ""REAL"", ""agv_b"": ""SIM1"", ""t_s"": 0.0, ""distance_m"": 0.3548807046004493, ""edge_a"": ""18->4"", ""edge_b"": ""17->19"", ""severity"": 0.8}",hold_SIM1_at_safe_node_19,10.0
2026-05-19 16:44:37,safe_node_tms,SIM1,18,3,18->17->10->8->3,19->22->20->23->25->26->29->5,2,"{""type"": ""future_coordinate_distance"", ""agv_a"": ""REAL"", ""agv_b"": ""SIM1"", ""t_s"": 0.0, ""distance_m"": 0.7328583639949492, ""edge_a"": ""18->17"", ""edge_b"": ""19->22"", ""severity"": 0.8}",hold_SIM1_at_safe_node_19,10.0
2026-05-19 16:44:39,safe_node_tms,SIM1,18,3,18->17->10->8->3,19->22->20->23->25->26->29->5,2,"{""type"": ""future_coordinate_distance"", ""agv_a"": ""REAL"", ""agv_b"": ""SIM1"", ""t_s"": 0.0, ""distance_m"": 0.7328583639949492, ""edge_a"": ""18->17"", ""edge_b"": ""19->22"", ""severity"": 0.8}",hold_SIM1_at_safe_node_19,10.0
2026-05-19 16:44:41,safe_node_tms,SIM1,18,3,18->17->10->8->3,19->22->20->23->25->26->29->5,2,"{""type"": ""future_coordinate_distance"", ""agv_a"": ""REAL"", ""agv_b"": ""SIM1"", ""t_s"": 0.0, ""distance_m"": 0.7328583639949492, ""edge_a"": ""18->17"", ""edge_b"": ""19->22"", ""severity"": 0.8}",hold_SIM1_at_safe_node_22,10.0
2026-05-19 16:46:48,safe_node_tms,SIM1,20,6,20->23->24->30->32->35->33->6,25->23->20->22->19->17->10->7->1,2,"{""type"": ""edge_time_overlap"", ""agv_a"": ""REAL"", ""agv_b"": ""SIM1"", ""edge_a"": ""20->23"", ""edge_b"": ""23->20"", ""u"": 20, ""v"": 23, ""physical_edge"": ""20-23"", ""direction"": ""opposite"", ""a_enter_s"": 0.0, ""a_exit_s"": 12.11764907836914, ""b_enter_s"": 12.056227684020996, ""b_exit_s"": 23.666361808776855, ""priority_a"": 1, ""priority_b"": 3, ""severity"": 1.0}",hold_SIM1_at_safe_node_25,10.0
2026-05-19 16:46:50,safe_node_tms,SIM1,20,6,20->23->24->30->32->35->33->6,25->23->20->22->19->17->10->7->1,2,"{""type"": ""edge_time_overlap"", ""agv_a"": ""REAL"", ""agv_b"": ""SIM1"", ""edge_a"": ""20->23"", ""edge_b"": ""23->20"", ""u"": 20, ""v"": 23, ""physical_edge"": ""20-23"", ""direction"": ""opposite"", ""a_enter_s"": 0.0, ""a_exit_s"": 12.11764907836914, ""b_enter_s"": 12.056227684020996, ""b_exit_s"": 23.666361808776855, ""priority_a"": 1, ""priority_b"": 3, ""severity"": 1.0}",hold_SIM1_at_safe_node_25,10.0
2026-05-19 16:46:52,safe_node_tms,SIM1,20,6,20->23->24->30->32->35->33->6,25->23->20->22->19->17->10->7->1,2,"{""type"": ""edge_time_overlap"", ""agv_a"": ""REAL"", ""agv_b"": ""SIM1"", ""edge_a"": ""20->23"", ""edge_b"": ""23->20"", ""u"": 20, ""v"": 23, ""physical_edge"": ""20-23"", ""direction"": ""opposite"", ""a_enter_s"": 0.0, ""a_exit_s"": 12.11764907836914, ""b_enter_s"": 12.056227684020996, ""b_exit_s"": 23.666361808776855, ""priority_a"": 1, ""priority_b"": 3, ""severity"": 1.0}",hold_SIM1_at_safe_node_25,10.0
2026-05-19 16:46:54,safe_node_tms,SIM1,20,6,20->23->24->30->32->35->33->6,25->23->20->22->19->17->10->7->1,2,"{""type"": ""edge_time_overlap"", ""agv_a"": ""REAL"", ""agv_b"": ""SIM1"", ""edge_a"": ""20->23"", ""edge_b"": ""23->20"", ""u"": 20, ""v"": 23, ""physical_edge"": ""20-23"", ""direction"": ""opposite"", ""a_enter_s"": 0.0, ""a_exit_s"": 12.11764907836914, ""b_enter_s"": 12.056227684020996, ""b_exit_s"": 23.666361808776855, ""priority_a"": 1, ""priority_b"": 3, ""severity"": 1.0}",hold_SIM1_at_safe_node_25,10.0
2026-05-19 16:46:55,safe_node_tms,SIM1,20,6,20->23->24->30->32->35->33->6,25->23->20->22->19->17->10->7->1,2,"{""type"": ""edge_time_overlap"", ""agv_a"": ""REAL"", ""agv_b"": ""SIM1"", ""edge_a"": ""20->23"", ""edge_b"": ""23->20"", ""u"": 20, ""v"": 23, ""physical_edge"": ""20-23"", ""direction"": ""opposite"", ""a_enter_s"": 0.0, ""a_exit_s"": 12.11764907836914, ""b_enter_s"": 12.056227684020996, ""b_exit_s"": 23.666361808776855, ""priority_a"": 1, ""priority_b"": 3, ""severity"": 1.0}",hold_SIM1_at_safe_node_25,10.0
2026-05-19 16:46:57,safe_node_tms,SIM1,20,6,20->23->24->30->32->35->33->6,25->23->20->22->19->17->10->7->1,2,"{""type"": ""edge_time_overlap"", ""agv_a"": ""REAL"", ""agv_b"": ""SIM1"", ""edge_a"": ""20->23"", ""edge_b"": ""23->20"", ""u"": 20, ""v"": 23, ""physical_edge"": ""20-23"", ""direction"": ""opposite"", ""a_enter_s"": 0.0, ""a_exit_s"": 12.11764907836914, ""b_enter_s"": 12.056227684020996, ""b_exit_s"": 23.666361808776855, ""priority_a"": 1, ""priority_b"": 3, ""severity"": 1.0}",hold_SIM1_at_safe_node_25,10.0
2026-05-19 16:46:59,safe_node_tms,SIM1,20,6,20->23->24->30->32->35->33->6,25->23->20->22->19->17->10->7->1,2,"{""type"": ""edge_time_overlap"", ""agv_a"": ""REAL"", ""agv_b"": ""SIM1"", ""edge_a"": ""20->23"", ""edge_b"": ""23->20"", ""u"": 20, ""v"": 23, ""physical_edge"": ""20-23"", ""direction"": ""opposite"", ""a_enter_s"": 0.0, ""a_exit_s"": 12.11764907836914, ""b_enter_s"": 12.056227684020996, ""b_exit_s"": 23.666361808776855, ""priority_a"": 1, ""priority_b"": 3, ""severity"": 1.0}",hold_SIM1_at_safe_node_25,10.0
2026-05-19 16:47:01,safe_node_tms,SIM1,23,6,23->24->30->32->35->33->6,25->23->20->22->19->17->10->7->1,1,"{""type"": ""future_coordinate_distance"", ""agv_a"": ""REAL"", ""agv_b"": ""SIM1"", ""t_s"": 2.0, ""distance_m"": 0.46589101602976385, ""edge_a"": ""23->24"", ""edge_b"": ""25->23"", ""severity"": 0.8}",hold_SIM1_at_safe_node_25,10.0
2026-05-19 16:47:04,safe_node_tms,SIM1,23,6,23->24->30->32->35->33->6,25->23->20->22->19->17->10->7->1,1,"{""type"": ""future_coordinate_distance"", ""agv_a"": ""REAL"", ""agv_b"": ""SIM1"", ""t_s"": 2.0, ""distance_m"": 0.46589101602976385, ""edge_a"": ""23->24"", ""edge_b"": ""25->23"", ""severity"": 0.8}",hold_SIM1_at_safe_node_25,10.0
2026-05-19 16:47:14,sim_hold,SIM1,23,6,23->24->30->32->35->33->6,23->20->22->19->17->10->7->1,2,"{""type"": ""future_coordinate_distance"", ""agv_a"": ""REAL"", ""agv_b"": ""SIM1"", ""t_s"": 0.0, ""distance_m"": 0.7406236801548504, ""edge_a"": ""23->24"", ""edge_b"": ""23->20"", ""severity"": 0.8}",10.0,0.35
2026-05-19 16:47:16,sim_hold,SIM1,23,6,23->24->30->32->35->33->6,23->20->22->19->17->10->7->1,2,"{""type"": ""future_coordinate_distance"", ""agv_a"": ""REAL"", ""agv_b"": ""SIM1"", ""t_s"": 0.0, ""distance_m"": 0.7406236801548504, ""edge_a"": ""23->24"", ""edge_b"": ""23->20"", ""severity"": 0.8}",10.0,0.35
2026-05-19 16:49:47,sim_hold,SIM1,29,4,29->26->25->23->20->22->19->17->18->4,20->23->25->26->29->5,1,"{""type"": ""edge_time_overlap"", ""agv_a"": ""REAL"", ""agv_b"": ""SIM1"", ""edge_a"": ""26->25"", ""edge_b"": ""25->26"", ""u"": 26, ""v"": 25, ""physical_edge"": ""25-26"", ""direction"": ""opposite"", ""a_enter_s"": 7.342645168304443, ""a_exit_s"": 21.206706523895264, ""b_enter_s"": 22.91806983947754, ""b_exit_s"": 38.70853328704834, ""priority_a"": 1, ""priority_b"": 3, ""severity"": 1.0}",10.0,0.35
2026-05-19 16:49:49,sim_hold,SIM1,29,4,29->26->25->23->20->22->19->17->18->4,20->23->25->26->29->5,1,"{""type"": ""edge_time_overlap"", ""agv_a"": ""REAL"", ""agv_b"": ""SIM1"", ""edge_a"": ""26->25"", ""edge_b"": ""25->26"", ""u"": 26, ""v"": 25, ""physical_edge"": ""25-26"", ""direction"": ""opposite"", ""a_enter_s"": 7.342645168304443, ""a_exit_s"": 21.206706523895264, ""b_enter_s"": 22.91806983947754, ""b_exit_s"": 38.70853328704834, ""priority_a"": 1, ""priority_b"": 3, ""severity"": 1.0}",10.0,0.35
2026-05-19 16:50:06,sim_hold,SIM1,25,4,25->23->20->22->19->17->18->4,20->23->25->26->29->5,2,"{""type"": ""edge_time_overlap"", ""agv_a"": ""REAL"", ""agv_b"": ""SIM1"", ""edge_a"": ""25->23"", ""edge_b"": ""23->25"", ""u"": 25, ""v"": 23, ""physical_edge"": ""23-25"", ""direction"": ""opposite"", ""a_enter_s"": 0.0, ""a_exit_s"": 12.056227684020996, ""b_enter_s"": 12.11764907836914, ""b_exit_s"": 22.91806983947754, ""priority_a"": 1, ""priority_b"": 3, ""severity"": 1.0}",10.0,0.35
2026-05-19 16:50:08,sim_hold,SIM1,25,4,25->23->20->22->19->17->18->4,20->23->25->26->29->5,2,"{""type"": ""edge_time_overlap"", ""agv_a"": ""REAL"", ""agv_b"": ""SIM1"", ""edge_a"": ""25->23"", ""edge_b"": ""23->25"", ""u"": 25, ""v"": 23, ""physical_edge"": ""23-25"", ""direction"": ""opposite"", ""a_enter_s"": 0.0, ""a_exit_s"": 12.056227684020996, ""b_enter_s"": 12.11764907836914, ""b_exit_s"": 22.91806983947754, ""priority_a"": 1, ""priority_b"": 3, ""severity"": 1.0}",10.0,0.35
2026-05-19 16:50:10,sim_hold,SIM1,25,4,25->23->20->22->19->17->18->4,20->23->25->26->29->5,2,"{""type"": ""edge_time_overlap"", ""agv_a"": ""REAL"", ""agv_b"": ""SIM1"", ""edge_a"": ""25->23"", ""edge_b"": ""23->25"", ""u"": 25, ""v"": 23, ""physical_edge"": ""23-25"", ""direction"": ""opposite"", ""a_enter_s"": 0.0, ""a_exit_s"": 12.056227684020996, ""b_enter_s"": 12.11764907836914, ""b_exit_s"": 22.91806983947754, ""priority_a"": 1, ""priority_b"": 3, ""severity"": 1.0}",10.0,0.35
2026-05-19 16:50:12,sim_hold,SIM1,25,4,25->23->20->22->19->17->18->4,20->23->25->26->29->5,2,"{""type"": ""edge_time_overlap"", ""agv_a"": ""REAL"", ""agv_b"": ""SIM1"", ""edge_a"": ""25->23"", ""edge_b"": ""23->25"", ""u"": 25, ""v"": 23, ""physical_edge"": ""23-25"", ""direction"": ""opposite"", ""a_enter_s"": 0.0, ""a_exit_s"": 12.056227684020996, ""b_enter_s"": 12.11764907836914, ""b_exit_s"": 22.91806983947754, ""priority_a"": 1, ""priority_b"": 3, ""severity"": 1.0}",10.0,0.35
2026-05-19 16:50:13,sim_hold,SIM1,25,4,25->23->20->22->19->17->18->4,20->23->25->26->29->5,2,"{""type"": ""edge_time_overlap"", ""agv_a"": ""REAL"", ""agv_b"": ""SIM1"", ""edge_a"": ""25->23"", ""edge_b"": ""23->25"", ""u"": 25, ""v"": 23, ""physical_edge"": ""23-25"", ""direction"": ""opposite"", ""a_enter_s"": 0.0, ""a_exit_s"": 12.056227684020996, ""b_enter_s"": 12.11764907836914, ""b_exit_s"": 22.91806983947754, ""priority_a"": 1, ""priority_b"": 3, ""severity"": 1.0}",10.0,0.35
2026-05-19 16:50:15,sim_hold,SIM1,25,4,25->23->20->22->19->17->18->4,20->23->25->26->29->5,2,"{""type"": ""edge_time_overlap"", ""agv_a"": ""REAL"", ""agv_b"": ""SIM1"", ""edge_a"": ""25->23"", ""edge_b"": ""23->25"", ""u"": 25, ""v"": 23, ""physical_edge"": ""23-25"", ""direction"": ""opposite"", ""a_enter_s"": 0.0, ""a_exit_s"": 12.056227684020996, ""b_enter_s"": 12.11764907836914, ""b_exit_s"": 22.91806983947754, ""priority_a"": 1, ""priority_b"": 3, ""severity"": 1.0}",10.0,0.35
2026-05-19 16:50:17,sim_hold,SIM1,25,4,25->23->20->22->19->17->18->4,20->23->25->26->29->5,2,"{""type"": ""edge_time_overlap"", ""agv_a"": ""REAL"", ""agv_b"": ""SIM1"", ""edge_a"": ""25->23"", ""edge_b"": ""23->25"", ""u"": 25, ""v"": 23, ""physical_edge"": ""23-25"", ""direction"": ""opposite"", ""a_enter_s"": 0.0, ""a_exit_s"": 12.056227684020996, ""b_enter_s"": 12.11764907836914, ""b_exit_s"": 22.91806983947754, ""priority_a"": 1, ""priority_b"": 3, ""severity"": 1.0}",10.0,0.35
2026-05-19 16:50:19,sim_hold,SIM1,25,4,25->23->20->22->19->17->18->4,20->23->25->26->29->5,2,"{""type"": ""edge_time_overlap"", ""agv_a"": ""REAL"", ""agv_b"": ""SIM1"", ""edge_a"": ""25->23"", ""edge_b"": ""23->25"", ""u"": 25, ""v"": 23, ""physical_edge"": ""23-25"", ""direction"": ""opposite"", ""a_enter_s"": 0.0, ""a_exit_s"": 12.056227684020996, ""b_enter_s"": 12.11764907836914, ""b_exit_s"": 22.91806983947754, ""priority_a"": 1, ""priority_b"": 3, ""severity"": 1.0}",10.0,0.35
2026-05-19 16:50:21,sim_hold,SIM1,25,4,25->23->20->22->19->17->18->4,20->23->25->26->29->5,2,"{""type"": ""edge_time_overlap"", ""agv_a"": ""REAL"", ""agv_b"": ""SIM1"", ""edge_a"": ""25->23"", ""edge_b"": ""23->25"", ""u"": 25, ""v"": 23, ""physical_edge"": ""23-25"", ""direction"": ""opposite"", ""a_enter_s"": 0.0, ""a_exit_s"": 12.056227684020996, ""b_enter_s"": 12.11764907836914, ""b_exit_s"": 22.91806983947754, ""priority_a"": 1, ""priority_b"": 3, ""severity"": 1.0}",10.0,0.35
2026-05-19 16:50:23,sim_hold,SIM1,23,4,23->20->22->19->17->18->4,20->23->25->26->29->5,3,"{""type"": ""edge_time_overlap"", ""agv_a"": ""REAL"", ""agv_b"": ""SIM1"", ""edge_a"": ""23->20"", ""edge_b"": ""20->23"", ""u"": 23, ""v"": 20, ""physical_edge"": ""20-23"", ""direction"": ""opposite"", ""a_enter_s"": 0.0, ""a_exit_s"": 11.61013412475586, ""b_enter_s"": 0.0, ""b_exit_s"": 12.11764907836914, ""priority_a"": 1, ""priority_b"": 3, ""severity"": 1.0}",10.0,0.35
2026-05-19 16:50:25,sim_hold,SIM1,23,4,23->20->22->19->17->18->4,20->23->25->26->29->5,3,"{""type"": ""edge_time_overlap"", ""agv_a"": ""REAL"", ""agv_b"": ""SIM1"", ""edge_a"": ""23->20"", ""edge_b"": ""20->23"", ""u"": 23, ""v"": 20, ""physical_edge"": ""20-23"", ""direction"": ""opposite"", ""a_enter_s"": 0.0, ""a_exit_s"": 11.61013412475586, ""b_enter_s"": 0.0, ""b_exit_s"": 12.11764907836914, ""priority_a"": 1, ""priority_b"": 3, ""severity"": 1.0}",10.0,0.35
2026-05-19 16:50:27,sim_hold,SIM1,23,4,23->20->22->19->17->18->4,20->23->25->26->29->5,3,"{""type"": ""edge_time_overlap"", ""agv_a"": ""REAL"", ""agv_b"": ""SIM1"", ""edge_a"": ""23->20"", ""edge_b"": ""20->23"", ""u"": 23, ""v"": 20, ""physical_edge"": ""20-23"", ""direction"": ""opposite"", ""a_enter_s"": 0.0, ""a_exit_s"": 11.61013412475586, ""b_enter_s"": 0.0, ""b_exit_s"": 12.11764907836914, ""priority_a"": 1, ""priority_b"": 3, ""severity"": 1.0}",10.0,0.35
2026-05-19 16:50:29,sim_hold,SIM1,23,4,23->20->22->19->17->18->4,20->23->25->26->29->5,3,"{""type"": ""edge_time_overlap"", ""agv_a"": ""REAL"", ""agv_b"": ""SIM1"", ""edge_a"": ""23->20"", ""edge_b"": ""20->23"", ""u"": 23, ""v"": 20, ""physical_edge"": ""20-23"", ""direction"": ""opposite"", ""a_enter_s"": 0.0, ""a_exit_s"": 11.61013412475586, ""b_enter_s"": 0.0, ""b_exit_s"": 12.11764907836914, ""priority_a"": 1, ""priority_b"": 3, ""severity"": 1.0}",10.0,0.35
2026-05-19 16:50:31,sim_hold,SIM1,23,4,23->20->22->19->17->18->4,20->23->25->26->29->5,3,"{""type"": ""edge_time_overlap"", ""agv_a"": ""REAL"", ""agv_b"": ""SIM1"", ""edge_a"": ""23->20"", ""edge_b"": ""20->23"", ""u"": 23, ""v"": 20, ""physical_edge"": ""20-23"", ""direction"": ""opposite"", ""a_enter_s"": 0.0, ""a_exit_s"": 11.61013412475586, ""b_enter_s"": 0.0, ""b_exit_s"": 12.11764907836914, ""priority_a"": 1, ""priority_b"": 3, ""severity"": 1.0}",10.0,0.35
2026-05-19 16:50:34,sim_hold,SIM1,20,4,20->22->19->17->18->4,20->23->25->26->29->5,1,"{""type"": ""future_coordinate_distance"", ""agv_a"": ""REAL"", ""agv_b"": ""SIM1"", ""t_s"": 0.0, ""distance_m"": 0.2047169527412095, ""edge_a"": ""20->22"", ""edge_b"": ""20->23"", ""severity"": 0.8}",10.0,0.35
2026-05-19 16:50:34,sim_hold_live_close,SIM1,0.18034670810892273,0.4,SIM close to REAL; REAL keeps priority
2026-05-19 16:53:01,safe_node_tms,SIM1,13,2,13->11->2,10->7->1,2,"{""type"": ""future_coordinate_distance"", ""agv_a"": ""REAL"", ""agv_b"": ""SIM1"", ""t_s"": 0.0, ""distance_m"": 1.1363503525038767, ""edge_a"": ""13->11"", ""edge_b"": ""10->7"", ""severity"": 0.8}",hold_SIM1_at_safe_node_10,10.0
2026-05-19 16:53:03,safe_node_tms,SIM1,13,2,13->11->2,10->7->1,2,"{""type"": ""future_coordinate_distance"", ""agv_a"": ""REAL"", ""agv_b"": ""SIM1"", ""t_s"": 0.0, ""distance_m"": 1.1363503525038767, ""edge_a"": ""13->11"", ""edge_b"": ""10->7"", ""severity"": 0.8}",hold_SIM1_at_safe_node_10,10.0
2026-05-19 16:53:05,safe_node_tms,SIM1,13,2,13->11->2,10->7->1,2,"{""type"": ""future_coordinate_distance"", ""agv_a"": ""REAL"", ""agv_b"": ""SIM1"", ""t_s"": 0.0, ""distance_m"": 1.1363503525038767, ""edge_a"": ""13->11"", ""edge_b"": ""10->7"", ""severity"": 0.8}",hold_SIM1_at_safe_node_7,10.0
2026-05-19 16:53:13,safe_node_tms,SIM1,11,2,11->2,7->1,3,"{""type"": ""future_coordinate_distance"", ""agv_a"": ""REAL"", ""agv_b"": ""SIM1"", ""t_s"": 0.0, ""distance_m"": 1.1803331149760359, ""edge_a"": ""11->2"", ""edge_b"": ""7->1"", ""severity"": 0.8}",hold_SIM1_at_safe_node_7,10.0
2026-05-19 16:53:15,safe_node_tms,SIM1,11,2,11->2,7->1,3,"{""type"": ""future_coordinate_distance"", ""agv_a"": ""REAL"", ""agv_b"": ""SIM1"", ""t_s"": 0.0, ""distance_m"": 1.1803331149760359, ""edge_a"": ""11->2"", ""edge_b"": ""7->1"", ""severity"": 0.8}",hold_SIM1_at_safe_node_7,10.0
2026-05-19 16:53:17,safe_node_tms,SIM1,11,2,11->2,7->1,3,"{""type"": ""future_coordinate_distance"", ""agv_a"": ""REAL"", ""agv_b"": ""SIM1"", ""t_s"": 0.0, ""distance_m"": 1.1803331149760359, ""edge_a"": ""11->2"", ""edge_b"": ""7->1"", ""severity"": 0.8}",hold_SIM1_at_safe_node_1,10.0
2026-05-19 16:53:20,safe_node_tms,SIM1,11,2,11->2,1->7->8->3,1,"{""type"": ""future_coordinate_distance"", ""agv_a"": ""REAL"", ""agv_b"": ""SIM1"", ""t_s"": 2.0, ""distance_m"": 1.1419233672311266, ""edge_a"": ""11->2"", ""edge_b"": ""1->7"", ""severity"": 0.8}",hold_SIM1_at_safe_node_1,10.0
2026-05-19 16:53:24,sim_hold,SIM1,2,1,2->11->13->9->7->1,1->7->8->3,3,"{""type"": ""future_coordinate_distance"", ""agv_a"": ""REAL"", ""agv_b"": ""SIM1"", ""t_s"": 0.0, ""distance_m"": 1.121925781542832, ""edge_a"": ""2->11"", ""edge_b"": ""1->7"", ""severity"": 0.8}",10.0,0.35
2026-05-19 16:53:26,sim_hold,SIM1,2,1,2->11->13->9->7->1,1->7->8->3,3,"{""type"": ""future_coordinate_distance"", ""agv_a"": ""REAL"", ""agv_b"": ""SIM1"", ""t_s"": 0.0, ""distance_m"": 1.121925781542832, ""edge_a"": ""2->11"", ""edge_b"": ""1->7"", ""severity"": 0.8}",10.0,0.35
2026-05-19 16:53:27,sim_hold,SIM1,2,1,2->11->13->9->7->1,1->7->8->3,3,"{""type"": ""future_coordinate_distance"", ""agv_a"": ""REAL"", ""agv_b"": ""SIM1"", ""t_s"": 0.0, ""distance_m"": 1.121925781542832, ""edge_a"": ""2->11"", ""edge_b"": ""1->7"", ""severity"": 0.8}",10.0,0.35
2026-05-19 16:53:29,sim_hold,SIM1,2,1,2->11->13->9->7->1,1->7->8->3,3,"{""type"": ""future_coordinate_distance"", ""agv_a"": ""REAL"", ""agv_b"": ""SIM1"", ""t_s"": 0.0, ""distance_m"": 1.121925781542832, ""edge_a"": ""2->11"", ""edge_b"": ""1->7"", ""severity"": 0.8}",10.0,0.35
2026-05-19 16:53:31,sim_hold,SIM1,2,1,2->11->13->9->7->1,1->7->8->3,3,"{""type"": ""future_coordinate_distance"", ""agv_a"": ""REAL"", ""agv_b"": ""SIM1"", ""t_s"": 0.0, ""distance_m"": 1.121925781542832, ""edge_a"": ""2->11"", ""edge_b"": ""1->7"", ""severity"": 0.8}",10.0,0.35
2026-05-19 16:53:33,sim_hold,SIM1,2,1,2->11->13->9->7->1,1->7->8->3,3,"{""type"": ""future_coordinate_distance"", ""agv_a"": ""REAL"", ""agv_b"": ""SIM1"", ""t_s"": 0.0, ""distance_m"": 1.121925781542832, ""edge_a"": ""2->11"", ""edge_b"": ""1->7"", ""severity"": 0.8}",10.0,0.35
2026-05-19 16:53:34,sim_hold,SIM1,2,1,2->11->13->9->7->1,1->7->8->3,3,"{""type"": ""future_coordinate_distance"", ""agv_a"": ""REAL"", ""agv_b"": ""SIM1"", ""t_s"": 0.0, ""distance_m"": 1.121925781542832, ""edge_a"": ""2->11"", ""edge_b"": ""1->7"", ""severity"": 0.8}",10.0,0.35
2026-05-19 16:53:36,sim_hold,SIM1,2,1,2->11->13->9->7->1,1->7->8->3,3,"{""type"": ""future_coordinate_distance"", ""agv_a"": ""REAL"", ""agv_b"": ""SIM1"", ""t_s"": 0.0, ""distance_m"": 1.121925781542832, ""edge_a"": ""2->11"", ""edge_b"": ""1->7"", ""severity"": 0.8}",10.0,0.35
2026-05-19 16:53:38,sim_hold,SIM1,2,1,2->11->13->9->7->1,1->7->8->3,3,"{""type"": ""future_coordinate_distance"", ""agv_a"": ""REAL"", ""agv_b"": ""SIM1"", ""t_s"": 0.0, ""distance_m"": 1.121925781542832, ""edge_a"": ""2->11"", ""edge_b"": ""1->7"", ""severity"": 0.8}",10.0,0.35
2026-05-19 16:53:40,sim_hold,SIM1,2,1,2->11->13->9->7->1,1->7->8->3,3,"{""type"": ""future_coordinate_distance"", ""agv_a"": ""REAL"", ""agv_b"": ""SIM1"", ""t_s"": 0.0, ""distance_m"": 1.121925781542832, ""edge_a"": ""2->11"", ""edge_b"": ""1->7"", ""severity"": 0.8}",10.0,0.35
2026-05-19 16:53:49,sim_hold,SIM1,13,1,13->9->7->1,1->7->8->3,1,"{""type"": ""edge_time_overlap"", ""agv_a"": ""REAL"", ""agv_b"": ""SIM1"", ""edge_a"": ""7->1"", ""edge_b"": ""1->7"", ""u"": 7, ""v"": 1, ""physical_edge"": ""1-7"", ""direction"": ""opposite"", ""a_enter_s"": 9.961281299591064, ""a_exit_s"": 20.953495502471924, ""b_enter_s"": 0.0, ""b_exit_s"": 16.23548126220703, ""priority_a"": 1, ""priority_b"": 3, ""severity"": 1.0}",10.0,0.35
2026-05-19 16:53:51,sim_hold,SIM1,9,1,9->7->1,1->7->8->3,1,"{""type"": ""edge_time_overlap"", ""agv_a"": ""REAL"", ""agv_b"": ""SIM1"", ""edge_a"": ""7->1"", ""edge_b"": ""1->7"", ""u"": 7, ""v"": 1, ""physical_edge"": ""1-7"", ""direction"": ""opposite"", ""a_enter_s"": 4.7217512130737305, ""a_exit_s"": 15.71396541595459, ""b_enter_s"": 0.0, ""b_exit_s"": 16.23548126220703, ""priority_a"": 1, ""priority_b"": 3, ""severity"": 1.0}",10.0,0.35
2026-05-19 16:53:53,sim_hold,SIM1,9,1,9->7->1,1->7->8->3,1,"{""type"": ""edge_time_overlap"", ""agv_a"": ""REAL"", ""agv_b"": ""SIM1"", ""edge_a"": ""7->1"", ""edge_b"": ""1->7"", ""u"": 7, ""v"": 1, ""physical_edge"": ""1-7"", ""direction"": ""opposite"", ""a_enter_s"": 4.7217512130737305, ""a_exit_s"": 15.71396541595459, ""b_enter_s"": 0.0, ""b_exit_s"": 16.23548126220703, ""priority_a"": 1, ""priority_b"": 3, ""severity"": 1.0}",10.0,0.35
2026-05-19 16:53:55,sim_hold,SIM1,7,1,7->1,1->7->8->3,4,"{""type"": ""edge_time_overlap"", ""agv_a"": ""REAL"", ""agv_b"": ""SIM1"", ""edge_a"": ""7->1"", ""edge_b"": ""1->7"", ""u"": 7, ""v"": 1, ""physical_edge"": ""1-7"", ""direction"": ""opposite"", ""a_enter_s"": 0.0, ""a_exit_s"": 10.99221420288086, ""b_enter_s"": 0.0, ""b_exit_s"": 16.23548126220703, ""priority_a"": 1, ""priority_b"": 3, ""severity"": 1.0}",10.0,0.35
2026-05-19 16:53:58,sim_hold,SIM1,7,1,7->1,1->7->8->3,4,"{""type"": ""edge_time_overlap"", ""agv_a"": ""REAL"", ""agv_b"": ""SIM1"", ""edge_a"": ""7->1"", ""edge_b"": ""1->7"", ""u"": 7, ""v"": 1, ""physical_edge"": ""1-7"", ""direction"": ""opposite"", ""a_enter_s"": 0.0, ""a_exit_s"": 10.99221420288086, ""b_enter_s"": 0.0, ""b_exit_s"": 16.23548126220703, ""priority_a"": 1, ""priority_b"": 3, ""severity"": 1.0}",10.0,0.35
2026-05-19 16:53:59,sim_hold,SIM1,7,1,7->1,1->7->8->3,4,"{""type"": ""edge_time_overlap"", ""agv_a"": ""REAL"", ""agv_b"": ""SIM1"", ""edge_a"": ""7->1"", ""edge_b"": ""1->7"", ""u"": 7, ""v"": 1, ""physical_edge"": ""1-7"", ""direction"": ""opposite"", ""a_enter_s"": 0.0, ""a_exit_s"": 10.99221420288086, ""b_enter_s"": 0.0, ""b_exit_s"": 16.23548126220703, ""priority_a"": 1, ""priority_b"": 3, ""severity"": 1.0}",10.0,0.35
2026-05-19 16:54:03,sim_hold,SIM1,1,6,1->7->10->17->19->22->20->23->24->30->32->35->33->6,1->7->8->3,7,"{""type"": ""future_coordinate_distance"", ""agv_a"": ""REAL"", ""agv_b"": ""SIM1"", ""t_s"": 0.0, ""distance_m"": 0.0, ""edge_a"": ""1->7"", ""edge_b"": ""1->7"", ""severity"": 0.8}",10.0,0.35
2026-05-19 16:54:05,sim_hold,SIM1,1,6,1->7->10->17->19->22->20->23->24->30->32->35->33->6,1->7->8->3,7,"{""type"": ""future_coordinate_distance"", ""agv_a"": ""REAL"", ""agv_b"": ""SIM1"", ""t_s"": 0.0, ""distance_m"": 0.0, ""edge_a"": ""1->7"", ""edge_b"": ""1->7"", ""severity"": 0.8}",10.0,0.35
2026-05-19 16:54:07,sim_hold,SIM1,1,6,1->7->10->17->19->22->20->23->24->30->32->35->33->6,1->7->8->3,7,"{""type"": ""future_coordinate_distance"", ""agv_a"": ""REAL"", ""agv_b"": ""SIM1"", ""t_s"": 0.0, ""distance_m"": 0.0, ""edge_a"": ""1->7"", ""edge_b"": ""1->7"", ""severity"": 0.8}",10.0,0.35
2026-05-19 16:54:07,sim_hold_live_close,SIM1,0.17434877182897918,0.4,SIM close to REAL; REAL keeps priority
2026-05-19 16:54:08,sim_hold,SIM1,1,6,1->7->10->17->19->22->20->23->24->30->32->35->33->6,1->7->8->3,7,"{""type"": ""future_coordinate_distance"", ""agv_a"": ""REAL"", ""agv_b"": ""SIM1"", ""t_s"": 0.0, ""distance_m"": 0.0, ""edge_a"": ""1->7"", ""edge_b"": ""1->7"", ""severity"": 0.8}",10.0,0.35
2026-05-19 16:54:08,sim_hold_live_close,SIM1,0.020058367631277312,0.4,SIM close to REAL; REAL keeps priority
2026-05-19 16:54:10,sim_hold,SIM1,1,6,1->7->10->17->19->22->20->23->24->30->32->35->33->6,1->7->8->3,7,"{""type"": ""future_coordinate_distance"", ""agv_a"": ""REAL"", ""agv_b"": ""SIM1"", ""t_s"": 0.0, ""distance_m"": 0.0, ""edge_a"": ""1->7"", ""edge_b"": ""1->7"", ""severity"": 0.8}",10.0,0.35
2026-05-19 16:54:10,sim_hold_live_close,SIM1,0.014096624040383554,0.4,SIM close to REAL; REAL keeps priority
2026-05-19 16:54:12,sim_hold,SIM1,1,6,1->7->10->17->19->22->20->23->24->30->32->35->33->6,1->7->8->3,7,"{""type"": ""future_coordinate_distance"", ""agv_a"": ""REAL"", ""agv_b"": ""SIM1"", ""t_s"": 0.0, ""distance_m"": 0.0, ""edge_a"": ""1->7"", ""edge_b"": ""1->7"", ""severity"": 0.8}",10.0,0.35
2026-05-19 16:54:12,sim_hold_live_close,SIM1,0.010587511277271719,0.4,SIM close to REAL; REAL keeps priority
2026-05-19 16:54:14,sim_hold,SIM1,1,6,1->7->10->17->19->22->20->23->24->30->32->35->33->6,1->7->8->3,7,"{""type"": ""future_coordinate_distance"", ""agv_a"": ""REAL"", ""agv_b"": ""SIM1"", ""t_s"": 0.0, ""distance_m"": 0.0, ""edge_a"": ""1->7"", ""edge_b"": ""1->7"", ""severity"": 0.8}",10.0,0.35
2026-05-19 16:54:14,sim_hold_live_close,SIM1,0.011912485283118824,0.4,SIM close to REAL; REAL keeps priority
2026-05-19 16:54:16,sim_hold,SIM1,1,6,1->7->10->17->19->22->20->23->24->30->32->35->33->6,1->7->8->3,7,"{""type"": ""future_coordinate_distance"", ""agv_a"": ""REAL"", ""agv_b"": ""SIM1"", ""t_s"": 0.0, ""distance_m"": 0.0, ""edge_a"": ""1->7"", ""edge_b"": ""1->7"", ""severity"": 0.8}",10.0,0.35
2026-05-19 16:54:18,sim_hold,SIM1,1,6,1->7->10->17->19->22->20->23->24->30->32->35->33->6,1->7->8->3,7,"{""type"": ""future_coordinate_distance"", ""agv_a"": ""REAL"", ""agv_b"": ""SIM1"", ""t_s"": 0.0, ""distance_m"": 0.0, ""edge_a"": ""1->7"", ""edge_b"": ""1->7"", ""severity"": 0.8}",10.0,0.35
2026-05-19 16:54:20,sim_hold,SIM1,1,6,1->7->10->17->19->22->20->23->24->30->32->35->33->6,1->7->8->3,7,"{""type"": ""future_coordinate_distance"", ""agv_a"": ""REAL"", ""agv_b"": ""SIM1"", ""t_s"": 0.0, ""distance_m"": 0.0, ""edge_a"": ""1->7"", ""edge_b"": ""1->7"", ""severity"": 0.8}",10.0,0.35
2026-05-19 16:54:22,safe_node_tms,SIM1,7,6,7->10->17->19->22->20->23->24->30->32->35->33->6,1->7->8->3,1,"{""type"": ""future_coordinate_distance"", ""agv_a"": ""REAL"", ""agv_b"": ""SIM1"", ""t_s"": 0.0, ""distance_m"": 0.7470566902681159, ""edge_a"": ""7->10"", ""edge_b"": ""1->7"", ""severity"": 0.8}",hold_SIM1_at_safe_node_1,10.0
2026-05-19 16:54:24,safe_node_tms,SIM1,7,6,7->10->17->19->22->20->23->24->30->32->35->33->6,1->7->8->3,1,"{""type"": ""future_coordinate_distance"", ""agv_a"": ""REAL"", ""agv_b"": ""SIM1"", ""t_s"": 0.0, ""distance_m"": 0.7470566902681159, ""edge_a"": ""7->10"", ""edge_b"": ""1->7"", ""severity"": 0.8}",hold_SIM1_at_safe_node_1,10.0
2026-05-19 16:54:26,safe_node_tms,SIM1,7,6,7->10->17->19->22->20->23->24->30->32->35->33->6,1->7->8->3,1,"{""type"": ""future_coordinate_distance"", ""agv_a"": ""REAL"", ""agv_b"": ""SIM1"", ""t_s"": 0.0, ""distance_m"": 0.7470566902681159, ""edge_a"": ""7->10"", ""edge_b"": ""1->7"", ""severity"": 0.8}",hold_SIM1_at_safe_node_1,10.0
2026-05-19 16:54:28,safe_node_tms,SIM1,7,6,7->10->17->19->22->20->23->24->30->32->35->33->6,1->7->8->3,1,"{""type"": ""future_coordinate_distance"", ""agv_a"": ""REAL"", ""agv_b"": ""SIM1"", ""t_s"": 0.0, ""distance_m"": 0.7470566902681159, ""edge_a"": ""7->10"", ""edge_b"": ""1->7"", ""severity"": 0.8}",hold_SIM1_at_safe_node_1,10.0
2026-05-19 16:54:37,safe_node_tms,SIM1,19,6,19->22->20->23->24->30->32->35->33->6,8->3,1,"{""type"": ""future_coordinate_distance"", ""agv_a"": ""REAL"", ""agv_b"": ""SIM1"", ""t_s"": 0.0, ""distance_m"": 1.0034289217257615, ""edge_a"": ""19->22"", ""edge_b"": ""8->3"", ""severity"": 0.8}",hold_SIM1_at_safe_node_8,10.0
2026-05-19 16:54:41,safe_node_tms,SIM1,19,6,19->22->20->23->24->30->32->35->33->6,8->3,1,"{""type"": ""future_coordinate_distance"", ""agv_a"": ""REAL"", ""agv_b"": ""SIM1"", ""t_s"": 0.0, ""distance_m"": 1.0034289217257615, ""edge_a"": ""19->22"", ""edge_b"": ""8->3"", ""severity"": 0.8}",hold_SIM1_at_safe_node_3,10.0
2026-05-19 16:56:10,sim_hold_live_close,SIM1,0.2845110065032399,0.4,SIM close to REAL; REAL keeps priority
2026-05-19 16:56:12,sim_hold_live_close,SIM1,0.23427808212035234,0.4,SIM close to REAL; REAL keeps priority
2026-05-19 16:56:21,sim_hold,SIM1,26,6,26->28->34->33->6,26->29->5,3,"{""type"": ""future_coordinate_distance"", ""agv_a"": ""REAL"", ""agv_b"": ""SIM1"", ""t_s"": 0.0, ""distance_m"": 0.5617369171337169, ""edge_a"": ""26->28"", ""edge_b"": ""26->29"", ""severity"": 0.8}",10.0,0.35
2026-05-19 16:56:22,sim_hold,SIM1,26,6,26->28->34->33->6,26->29->5,3,"{""type"": ""future_coordinate_distance"", ""agv_a"": ""REAL"", ""agv_b"": ""SIM1"", ""t_s"": 0.0, ""distance_m"": 0.5617369171337169, ""edge_a"": ""26->28"", ""edge_b"": ""26->29"", ""severity"": 0.8}",10.0,0.35
2026-05-19 16:56:24,safe_node_tms,SIM1,26,6,26->28->34->33->6,26->29->5,3,"{""type"": ""future_coordinate_distance"", ""agv_a"": ""REAL"", ""agv_b"": ""SIM1"", ""t_s"": 0.0, ""distance_m"": 0.5617369171337169, ""edge_a"": ""26->28"", ""edge_b"": ""26->29"", ""severity"": 0.8}",hold_SIM1_at_safe_node_29,10.0
2026-05-19 16:56:26,safe_node_tms,SIM1,26,6,26->28->34->33->6,29->5,2,"{""type"": ""future_coordinate_distance"", ""agv_a"": ""REAL"", ""agv_b"": ""SIM1"", ""t_s"": 0.0, ""distance_m"": 0.3752035249831429, ""edge_a"": ""26->28"", ""edge_b"": ""29->5"", ""severity"": 0.8}",hold_SIM1_at_safe_node_29,10.0
2026-05-19 16:56:28,safe_node_tms,SIM1,26,6,26->28->34->33->6,29->5,2,"{""type"": ""future_coordinate_distance"", ""agv_a"": ""REAL"", ""agv_b"": ""SIM1"", ""t_s"": 0.0, ""distance_m"": 0.3752035249831429, ""edge_a"": ""26->28"", ""edge_b"": ""29->5"", ""severity"": 0.8}",hold_SIM1_at_safe_node_29,10.0
2026-05-19 16:56:29,safe_node_tms,SIM1,26,6,26->28->34->33->6,29->5,2,"{""type"": ""future_coordinate_distance"", ""agv_a"": ""REAL"", ""agv_b"": ""SIM1"", ""t_s"": 0.0, ""distance_m"": 0.3752035249831429, ""edge_a"": ""26->28"", ""edge_b"": ""29->5"", ""severity"": 0.8}",hold_SIM1_at_safe_node_5,10.0
2026-05-19 16:56:33,safe_node_tms,SIM1,26,6,26->28->34->33->6,5->29->26->25->23->20->22->19->17->10->7->1,2,"{""type"": ""future_coordinate_distance"", ""agv_a"": ""REAL"", ""agv_b"": ""SIM1"", ""t_s"": 1.0, ""distance_m"": 0.7632621547202467, ""edge_a"": ""26->28"", ""edge_b"": ""5->29"", ""severity"": 0.8}",hold_SIM1_at_safe_node_5,10.0
2026-05-19 16:56:34,safe_node_tms,SIM1,26,6,26->28->34->33->6,5->29->26->25->23->20->22->19->17->10->7->1,2,"{""type"": ""future_coordinate_distance"", ""agv_a"": ""REAL"", ""agv_b"": ""SIM1"", ""t_s"": 1.0, ""distance_m"": 0.7632621547202467, ""edge_a"": ""26->28"", ""edge_b"": ""5->29"", ""severity"": 0.8}",hold_SIM1_at_safe_node_5,10.0
2026-05-19 16:56:36,safe_node_tms,SIM1,26,6,26->28->34->33->6,29->26->25->23->20->22->19->17->10->7->1,2,"{""type"": ""future_coordinate_distance"", ""agv_a"": ""REAL"", ""agv_b"": ""SIM1"", ""t_s"": 0.0, ""distance_m"": 0.49340354221939553, ""edge_a"": ""26->28"", ""edge_b"": ""29->26"", ""severity"": 0.8}",hold_SIM1_at_safe_node_29,10.0
2026-05-19 16:56:38,safe_node_tms,SIM1,26,6,26->28->34->33->6,29->26->25->23->20->22->19->17->10->7->1,2,"{""type"": ""future_coordinate_distance"", ""agv_a"": ""REAL"", ""agv_b"": ""SIM1"", ""t_s"": 0.0, ""distance_m"": 0.49340354221939553, ""edge_a"": ""26->28"", ""edge_b"": ""29->26"", ""severity"": 0.8}",hold_SIM1_at_safe_node_29,10.0
2026-05-19 16:56:39,safe_node_tms,SIM1,26,6,26->28->34->33->6,29->26->25->23->20->22->19->17->10->7->1,2,"{""type"": ""future_coordinate_distance"", ""agv_a"": ""REAL"", ""agv_b"": ""SIM1"", ""t_s"": 0.0, ""distance_m"": 0.49340354221939553, ""edge_a"": ""26->28"", ""edge_b"": ""29->26"", ""severity"": 0.8}",hold_SIM1_at_safe_node_29,10.0
2026-05-19 16:56:41,safe_node_tms,SIM1,26,6,26->28->34->33->6,29->26->25->23->20->22->19->17->10->7->1,2,"{""type"": ""future_coordinate_distance"", ""agv_a"": ""REAL"", ""agv_b"": ""SIM1"", ""t_s"": 0.0, ""distance_m"": 0.49340354221939553, ""edge_a"": ""26->28"", ""edge_b"": ""29->26"", ""severity"": 0.8}",hold_SIM1_at_safe_node_29,10.0
2026-05-19 16:56:43,sim_hold,SIM1,26,6,26->28->34->33->6,29->26->25->23->20->22->19->17->10->7->1,2,"{""type"": ""future_coordinate_distance"", ""agv_a"": ""REAL"", ""agv_b"": ""SIM1"", ""t_s"": 0.0, ""distance_m"": 0.49340354221939553, ""edge_a"": ""26->28"", ""edge_b"": ""29->26"", ""severity"": 0.8}",10.0,0.35
2026-05-19 16:56:44,sim_hold,SIM1,26,6,26->28->34->33->6,26->25->23->20->22->19->17->10->7->1,1,"{""type"": ""future_coordinate_distance"", ""agv_a"": ""REAL"", ""agv_b"": ""SIM1"", ""t_s"": 0.0, ""distance_m"": 0.0, ""edge_a"": ""26->28"", ""edge_b"": ""26->25"", ""severity"": 0.8}",10.0,0.35
2026-05-19 16:56:46,sim_hold,SIM1,26,6,26->28->34->33->6,26->25->23->20->22->19->17->10->7->1,1,"{""type"": ""future_coordinate_distance"", ""agv_a"": ""REAL"", ""agv_b"": ""SIM1"", ""t_s"": 0.0, ""distance_m"": 0.0, ""edge_a"": ""26->28"", ""edge_b"": ""26->25"", ""severity"": 0.8}",10.0,0.35
2026-05-19 16:56:48,sim_hold,SIM1,26,6,26->28->34->33->6,26->25->23->20->22->19->17->10->7->1,1,"{""type"": ""future_coordinate_distance"", ""agv_a"": ""REAL"", ""agv_b"": ""SIM1"", ""t_s"": 0.0, ""distance_m"": 0.0, ""edge_a"": ""26->28"", ""edge_b"": ""26->25"", ""severity"": 0.8}",10.0,0.35
2026-05-19 16:56:49,sim_hold,SIM1,26,6,26->28->34->33->6,26->25->23->20->22->19->17->10->7->1,1,"{""type"": ""future_coordinate_distance"", ""agv_a"": ""REAL"", ""agv_b"": ""SIM1"", ""t_s"": 0.0, ""distance_m"": 0.0, ""edge_a"": ""26->28"", ""edge_b"": ""26->25"", ""severity"": 0.8}",10.0,0.35
2026-05-19 16:56:51,sim_hold,SIM1,26,6,26->28->34->33->6,26->25->23->20->22->19->17->10->7->1,1,"{""type"": ""future_coordinate_distance"", ""agv_a"": ""REAL"", ""agv_b"": ""SIM1"", ""t_s"": 0.0, ""distance_m"": 0.0, ""edge_a"": ""26->28"", ""edge_b"": ""26->25"", ""severity"": 0.8}",10.0,0.35
2026-05-19 16:56:53,sim_hold,SIM1,26,6,26->28->34->33->6,26->25->23->20->22->19->17->10->7->1,1,"{""type"": ""future_coordinate_distance"", ""agv_a"": ""REAL"", ""agv_b"": ""SIM1"", ""t_s"": 0.0, ""distance_m"": 0.0, ""edge_a"": ""26->28"", ""edge_b"": ""26->25"", ""severity"": 0.8}",10.0,0.35
2026-05-19 16:56:53,sim_hold_live_close,SIM1,0.010121174793661838,0.4,SIM close to REAL; REAL keeps priority
2026-05-19 16:56:54,sim_hold,SIM1,26,6,26->28->34->33->6,26->25->23->20->22->19->17->10->7->1,1,"{""type"": ""future_coordinate_distance"", ""agv_a"": ""REAL"", ""agv_b"": ""SIM1"", ""t_s"": 0.0, ""distance_m"": 0.0, ""edge_a"": ""26->28"", ""edge_b"": ""26->25"", ""severity"": 0.8}",10.0,0.35
2026-05-19 16:56:56,sim_hold,SIM1,26,6,26->28->34->33->6,26->25->23->20->22->19->17->10->7->1,1,"{""type"": ""future_coordinate_distance"", ""agv_a"": ""REAL"", ""agv_b"": ""SIM1"", ""t_s"": 0.0, ""distance_m"": 0.0, ""edge_a"": ""26->28"", ""edge_b"": ""26->25"", ""severity"": 0.8}",10.0,0.35
2026-05-19 16:56:58,sim_hold,SIM1,26,6,26->28->34->33->6,26->25->23->20->22->19->17->10->7->1,1,"{""type"": ""future_coordinate_distance"", ""agv_a"": ""REAL"", ""agv_b"": ""SIM1"", ""t_s"": 0.0, ""distance_m"": 0.0, ""edge_a"": ""26->28"", ""edge_b"": ""26->25"", ""severity"": 0.8}",10.0,0.35
2026-05-19 16:57:00,sim_hold,SIM1,26,6,26->28->34->33->6,26->25->23->20->22->19->17->10->7->1,1,"{""type"": ""future_coordinate_distance"", ""agv_a"": ""REAL"", ""agv_b"": ""SIM1"", ""t_s"": 0.0, ""distance_m"": 0.0, ""edge_a"": ""26->28"", ""edge_b"": ""26->25"", ""severity"": 0.8}",10.0,0.35
2026-05-19 16:57:01,safe_node_tms,SIM1,26,6,26->28->34->33->6,26->25->23->20->22->19->17->10->7->1,1,"{""type"": ""future_coordinate_distance"", ""agv_a"": ""REAL"", ""agv_b"": ""SIM1"", ""t_s"": 0.0, ""distance_m"": 0.0, ""edge_a"": ""26->28"", ""edge_b"": ""26->25"", ""severity"": 0.8}",hold_SIM1_at_safe_node_25,10.0
2026-05-19 16:57:03,safe_node_tms,SIM1,26,6,26->28->34->33->6,26->25->23->20->22->19->17->10->7->1,1,"{""type"": ""future_coordinate_distance"", ""agv_a"": ""REAL"", ""agv_b"": ""SIM1"", ""t_s"": 0.0, ""distance_m"": 0.0, ""edge_a"": ""26->28"", ""edge_b"": ""26->25"", ""severity"": 0.8}",hold_SIM1_at_safe_node_25,10.0
2026-05-19 16:57:05,safe_node_tms,SIM1,26,6,26->28->34->33->6,26->25->23->20->22->19->17->10->7->1,1,"{""type"": ""future_coordinate_distance"", ""agv_a"": ""REAL"", ""agv_b"": ""SIM1"", ""t_s"": 0.0, ""distance_m"": 0.0, ""edge_a"": ""26->28"", ""edge_b"": ""26->25"", ""severity"": 0.8}",hold_SIM1_at_safe_node_25,10.0
